epoch,time,train/box_loss,train/cls_loss,train/dfl_loss,metrics/precision(B),metrics/recall(B),metrics/mAP50(B),metrics/mAP50-95(B),val/box_loss,val/cls_loss,val/dfl_loss,lr/pg0,lr/pg1,lr/pg2
1,208.248,1.10443,54.265,1.22635,0.21476,0.07692,0.03941,0.03531,1.09971,113.275,1.24907,0.00024,0.00024,0.00024
2,380.185,1.12171,11.8083,1.2797,0.01319,0.30769,0.23959,0.21327,1.16067,235.705,1.16824,0.000495875,0.000495875,0.000495875
3,551.153,0.91783,7.19229,1.04041,0,0,0,0,2.11846,367.14,1.44563,0.00074746,0.00074746,0.00074746
4,716.075,1.34426,7.90691,1.34254,0.00076,0.23077,0.00026,0.00011,2.05365,471.761,1.67034,0.000994755,0.000994755,0.000994755
5,880.186,1.41019,5.74759,1.55527,0.05635,0.46154,0.21337,0.05054,1.78522,68.3021,1.66101,0.00123776,0.00123776,0.00123776
6,1043.01,1.70626,11.1843,1.63651,0.00026,0.15385,4e-05,0,1.90649,2439.88,2.24735,0.00147647,0.00147647,0.00147647
7,13591.6,1.40016,5.26438,1.43682,0.00026,0.15385,4e-05,1e-05,2.19665,1596.78,2.67124,0.0017109,0.0017109,0.0017109
8,13765.7,1.82842,3.89704,1.81134,0,0,0,0,2.43162,2978.59,2.71775,0.0018845,0.0018845,0.0018845
9,13926,1.55467,4.19346,1.58512,0.00026,0.15385,5e-05,1e-05,3.71393,218.958,5.7257,0.001868,0.001868,0.001868
10,14086.2,1.73908,3.15271,1.72436,0,0,0,0,4.03621,661.062,5.27213,0.0018515,0.0018515,0.0018515
11,14243.4,1.34187,3.07765,1.43083,0,0,0,0,4.08145,901164,14.5171,0.001835,0.001835,0.001835
12,14401.7,1.46902,2.88135,1.50624,0.00093,0.15385,0.00022,7e-05,3.34025,4394.97,6.27905,0.0018185,0.0018185,0.0018185
13,14565.3,1.57905,2.3375,1.61995,0,0,0,0,2.48107,276468,3.78405,0.001802,0.001802,0.001802
14,14731.6,1.39275,1.9825,1.4408,0.20419,0.30769,0.2651,0.09498,1.4713,20.2324,1.4331,0.0017855,0.0017855,0.0017855
15,14893.3,1.65252,2.11968,1.68691,0.00428,0.46154,0.00283,0.00179,1.58079,1328.42,1.51583,0.001769,0.001769,0.001769
16,15059.3,1.60918,2.04063,1.56717,0.00248,0.46154,0.00154,0.00072,1.987,1947.67,2.10784,0.0017525,0.0017525,0.0017525
17,15220.3,1.5653,2.03883,1.57917,0.02068,0.46154,0.01738,0.00944,2.02766,444.803,1.61857,0.001736,0.001736,0.001736
18,15383.8,1.27849,1.99377,1.27135,0.0141,0.07692,0.00255,0.00215,2.43403,122.808,3.01613,0.0017195,0.0017195,0.0017195
19,15547.9,1.73444,2.92022,1.52639,0.90254,0.46154,0.60219,0.21719,1.80123,2.60212,1.56748,0.001703,0.001703,0.001703
20,15707.8,1.41773,2.14027,1.62616,0.03273,0.07692,0.00736,0.00441,2.19217,16.4381,2.70577,0.0016865,0.0016865,0.0016865
21,15877.4,1.30353,1.63371,1.46872,0.00797,0.15385,0.0019,0.00067,2.75131,37.4224,2.67425,0.00167,0.00167,0.00167
22,16041.7,1.23288,1.97688,1.26549,0.927,0.15385,0.17832,0.0902,1.6522,13.5888,1.67666,0.0016535,0.0016535,0.0016535
23,16203.1,1.35614,2.03686,1.31023,0.97559,0.38462,0.42544,0.21884,1.55567,6.4646,1.51706,0.001637,0.001637,0.001637
24,16369.5,1.25557,1.38961,1.47289,0.94411,0.38462,0.45521,0.283,1.61293,5.17052,1.50983,0.0016205,0.0016205,0.0016205
25,16533.1,1.50258,1.82451,1.64047,0.82396,0.46154,0.49026,0.32383,1.45458,1.88728,1.45472,0.001604,0.001604,0.001604
26,16697.7,1.5815,1.71586,1.65912,0.66487,0.53846,0.60618,0.41072,1.37675,2.58588,1.42919,0.0015875,0.0015875,0.0015875
27,16861.6,1.2595,1.89288,1.34162,0.85098,0.38462,0.49211,0.31135,1.43427,3.6405,1.4558,0.001571,0.001571,0.001571
28,17026.2,1.38233,1.88105,1.55122,0.71368,0.46154,0.46001,0.30068,1.34323,2.19691,1.30614,0.0015545,0.0015545,0.0015545
29,17194.3,1.00883,1.55955,1.28626,0.8263,0.36837,0.41443,0.29912,1.32767,2.39654,1.28745,0.001538,0.001538,0.001538
30,17353.9,1.03876,1.4036,1.24281,1,0.30611,0.46163,0.318,1.21658,2.47427,1.24458,0.0015215,0.0015215,0.0015215
31,17511.8,1.02698,1.3857,1.25738,0.65314,0.61538,0.56643,0.37001,1.23047,1.85792,1.34036,0.001505,0.001505,0.001505
32,17676.6,1.25454,1.43368,1.46734,0.6132,0.61538,0.54885,0.3635,1.35993,1.47229,1.35228,0.0014885,0.0014885,0.0014885
33,17836.5,1.05312,1.33059,1.23377,0.74074,0.61538,0.60154,0.38051,1.4025,2.01144,1.33858,0.001472,0.001472,0.001472
34,17998.1,0.99224,1.08859,1.2583,0.82327,0.61538,0.65853,0.38814,1.49847,1.51271,1.41573,0.0014555,0.0014555,0.0014555
35,18157,0.99997,1.14103,1.17171,0.79009,0.61538,0.66784,0.41609,1.54074,1.57759,1.43624,0.001439,0.001439,0.001439
36,18317,1.23617,1.54878,1.39946,0.79207,0.58795,0.62896,0.41836,1.40496,1.46145,1.36255,0.0014225,0.0014225,0.0014225
37,18486.7,1.0678,1.21456,1.24876,0.79992,0.61509,0.61635,0.42099,1.30313,1.45026,1.36101,0.001406,0.001406,0.001406
38,18653.8,1.27776,1.68044,1.38864,0.87114,0.61538,0.65551,0.40819,1.39876,1.6116,1.31962,0.0013895,0.0013895,0.0013895
39,18819.3,1.27865,1.27736,1.35259,0.62241,0.53846,0.60433,0.38912,1.45427,1.39893,1.34504,0.001373,0.001373,0.001373
40,18985.4,0.96287,1.14289,1.33033,0.8704,0.51865,0.60186,0.40557,1.32629,1.50109,1.33464,0.0013565,0.0013565,0.0013565
41,19144.3,1.14609,1.03994,1.29232,1,0.53567,0.63617,0.45176,1.29947,1.2748,1.33749,0.00134,0.00134,0.00134
42,19312.4,0.9883,0.96328,1.20912,0.88618,0.69231,0.69942,0.40817,1.26579,1.25528,1.32221,0.0013235,0.0013235,0.0013235
43,19476.8,0.95586,0.96412,1.17336,0.83531,0.46154,0.62769,0.41895,1.23094,1.28795,1.26264,0.001307,0.001307,0.001307
44,19643.2,1.01988,1.08915,1.18677,0.69625,0.52981,0.60607,0.43572,1.22487,1.21934,1.26596,0.0012905,0.0012905,0.0012905
45,19811.7,0.93366,0.9548,1.21277,0.73103,0.62809,0.68491,0.49057,1.16473,1.19307,1.27786,0.001274,0.001274,0.001274
46,19972.9,1.0839,1.37066,1.13222,0.65844,0.61538,0.70487,0.52229,1.05642,1.07645,1.27847,0.0012575,0.0012575,0.0012575
47,20133.3,0.95663,1.06098,1.27036,0.97005,0.46154,0.61859,0.46981,1.07397,1.24512,1.26207,0.001241,0.001241,0.001241
48,20301,1.07208,1.16362,1.24549,0.978,0.46154,0.62247,0.47173,1.07586,1.31811,1.23668,0.0012245,0.0012245,0.0012245
49,20461.8,1.00388,0.91509,1.1898,0.70974,0.61538,0.6233,0.48937,0.90833,1.28372,1.11656,0.001208,0.001208,0.001208
50,20626.5,1.08696,1.03907,1.24415,0.72311,0.60365,0.61406,0.45802,0.96456,1.17135,1.09711,0.0011915,0.0011915,0.0011915
51,20784.5,0.85194,0.98818,1.09441,0.72625,0.61251,0.63035,0.47845,1.01933,1.20446,1.10594,0.001175,0.001175,0.001175
52,20944.1,0.81669,0.92272,1.08724,0.9445,0.46154,0.60157,0.4563,1.02238,1.0932,1.1188,0.0011585,0.0011585,0.0011585
53,21113.7,0.86302,1.02063,1.16401,0.59346,0.61538,0.50238,0.38685,1.06824,1.10524,1.13217,0.001142,0.001142,0.001142
54,21279.8,0.79857,0.84928,1.12571,0.60813,0.61538,0.62446,0.47972,1.26779,1.0389,1.23037,0.0011255,0.0011255,0.0011255
55,21445,0.87876,0.84462,1.08727,0.77674,0.53559,0.6099,0.47742,1.37196,1.00312,1.36312,0.001109,0.001109,0.001109
56,21611.8,0.85963,0.79171,1.12976,0.69085,0.53846,0.67822,0.48277,1.32645,0.9832,1.34404,0.0010925,0.0010925,0.0010925
57,21771.7,0.95148,0.81957,1.19415,0.81814,0.69231,0.7454,0.50515,1.18669,0.9404,1.26663,0.001076,0.001076,0.001076
58,21937.9,0.83051,0.80884,1.12733,0.79794,0.69231,0.74756,0.54021,1.06661,0.88342,1.19573,0.0010595,0.0010595,0.0010595
59,22103.1,0.74679,0.79682,1.04833,0.81736,0.68883,0.7713,0.57507,1.00144,0.81839,1.17855,0.001043,0.001043,0.001043
60,22269.8,0.72832,0.68613,1.07416,0.81147,0.66389,0.73941,0.55558,1.07331,0.96256,1.2303,0.0010265,0.0010265,0.0010265
61,22439.3,0.94414,0.81009,1.18712,0.87734,0.61538,0.73988,0.56005,1.04555,0.9017,1.19725,0.00101,0.00101,0.00101
62,22599.7,0.86807,0.83066,1.12718,0.97597,0.61538,0.76354,0.57822,0.91163,0.75394,1.10511,0.0009935,0.0009935,0.0009935
63,22760.5,1.01269,0.85832,1.30388,0.8988,0.68397,0.77503,0.57291,0.86036,0.82951,1.06865,0.000977,0.000977,0.000977
64,22929.2,0.85305,0.82673,1.13685,0.94087,0.61538,0.72685,0.53384,0.91924,0.91133,1.09624,0.0009605,0.0009605,0.0009605
65,23088.7,0.88859,0.81953,1.21195,0.79571,0.60053,0.64357,0.5087,1.03433,1.0376,1.15424,0.000944,0.000944,0.000944
66,23248,1.05661,1.1894,1.19015,0.7624,0.53846,0.61668,0.50445,1.02786,1.05821,1.16372,0.0009275,0.0009275,0.0009275
67,23407.5,0.77897,0.72764,1.02979,0.84531,0.46154,0.59221,0.48116,0.99809,0.97473,1.20594,0.000911,0.000911,0.000911
68,23566.8,0.85876,0.89487,1.18135,0.81661,0.68564,0.72515,0.53227,0.90476,1.02154,1.15213,0.0008945,0.0008945,0.0008945
69,23737.6,0.6961,0.74464,1.04219,0.81559,0.69231,0.74138,0.54664,0.85805,1.06262,1.10921,0.000878,0.000878,0.000878
70,23901.4,0.78027,0.73076,1.0676,0.7986,0.69231,0.74437,0.55151,0.86353,0.95493,1.13218,0.0008615,0.0008615,0.0008615
71,24064.1,0.8745,0.90467,1.07524,0.79622,0.61538,0.71658,0.49586,0.98968,0.96759,1.21977,0.000845,0.000845,0.000845
72,24230.4,0.90657,0.812,1.06702,0.79959,0.61396,0.7185,0.49765,0.98441,0.9831,1.2053,0.0008285,0.0008285,0.0008285
73,24396.7,0.79984,0.73809,1.09922,0.74205,0.69231,0.71753,0.49281,0.96807,0.94891,1.1968,0.000812,0.000812,0.000812
74,24561.3,0.7738,0.68116,1.10026,0.71137,0.75901,0.71928,0.50127,0.91786,0.91832,1.18322,0.0007955,0.0007955,0.0007955
75,24721.9,0.69286,0.58538,0.98806,0.88719,0.60597,0.71638,0.51771,0.86519,0.97915,1.12574,0.000779,0.000779,0.000779
76,24883,0.81952,0.68717,1.12217,0.83077,0.75619,0.74,0.55125,0.97133,1.02328,1.19203,0.0007625,0.0007625,0.0007625
77,25048.9,0.8136,0.79913,1.00716,0.99645,0.61538,0.73546,0.53666,1.00661,1.01871,1.19681,0.000746,0.000746,0.000746
78,25218.9,0.82713,0.73747,1.10104,0.9808,0.61538,0.72557,0.50854,0.99318,0.92703,1.20928,0.0007295,0.0007295,0.0007295
79,25380.9,0.72853,0.65921,1.02226,0.79644,0.69231,0.74264,0.51009,0.98015,0.936,1.20009,0.000713,0.000713,0.000713
80,25548.9,0.69575,0.63769,1.01152,0.80674,0.69231,0.74221,0.50204,1.02008,0.98587,1.20621,0.0006965,0.0006965,0.0006965
81,25709.2,0.593,0.58221,0.93384,0.88811,0.69231,0.7433,0.49376,1.01149,0.94305,1.18531,0.00068,0.00068,0.00068
82,25870.4,0.77851,0.63067,1.19621,0.89143,0.69231,0.74868,0.49859,0.9929,0.96614,1.17902,0.0006635,0.0006635,0.0006635
83,26028.6,0.67947,0.62564,1.03441,0.89981,0.69102,0.75385,0.49594,0.96582,1.01668,1.1651,0.000647,0.000647,0.000647
84,26188.9,0.68444,0.61995,1.03539,1,0.67626,0.77169,0.52221,0.93789,1.00152,1.12514,0.0006305,0.0006305,0.0006305
85,26355.7,0.7063,0.60999,1.0487,1,0.69088,0.79251,0.53075,0.94391,0.95731,1.12818,0.000614,0.000614,0.000614
86,26525,0.60866,0.59402,0.96891,0.93506,0.69231,0.7966,0.55285,0.89346,0.86814,1.1131,0.0005975,0.0005975,0.0005975
87,26686.7,0.63601,0.65327,1.0251,0.96951,0.69231,0.80736,0.55175,0.88722,0.87602,1.10821,0.000581,0.000581,0.000581
88,26854.6,0.7414,0.7089,1.08419,0.97704,0.69231,0.79567,0.55432,0.91441,0.82738,1.11775,0.0005645,0.0005645,0.0005645
89,27018.1,0.63772,0.56397,1.01792,0.98496,0.69231,0.78885,0.55877,0.92699,0.72979,1.11147,0.000548,0.000548,0.000548
90,27181.9,0.62445,0.57692,1.0403,0.98531,0.69231,0.7903,0.55975,0.91845,0.73078,1.10957,0.0005315,0.0005315,0.0005315
91,27345.1,0.544,0.58045,0.91167,0.98668,0.69231,0.79876,0.57774,0.90669,0.68268,1.11763,0.000515,0.000515,0.000515
92,27507.3,0.55934,0.55568,0.86744,0.98481,0.69231,0.80175,0.5651,0.90249,0.66425,1.12961,0.0004985,0.0004985,0.0004985
93,27667.5,0.91341,0.85137,1.10709,0.98631,0.69231,0.81756,0.56333,0.8898,0.66452,1.13792,0.000482,0.000482,0.000482
94,27829.5,0.6315,0.58789,0.9644,0.98405,0.69231,0.81416,0.55717,0.91054,0.66422,1.13625,0.0004655,0.0004655,0.0004655
95,27991.7,0.57571,0.55021,0.92178,0.90773,0.75769,0.83248,0.56454,0.90595,0.64774,1.15491,0.000449,0.000449,0.000449
96,28156.6,0.63247,0.63847,1.03868,0.98482,0.69231,0.83657,0.56648,0.88592,0.65048,1.16149,0.0004325,0.0004325,0.0004325
97,28315,0.60386,0.61636,1.01809,0.98621,0.69231,0.84202,0.57629,0.83559,0.66036,1.15006,0.000416,0.000416,0.000416
98,28478.9,0.80818,0.71406,1.0817,0.90742,0.75508,0.85364,0.57959,0.81054,0.6354,1.14311,0.0003995,0.0003995,0.0003995
99,28641.1,0.48934,0.52329,0.92843,0.90098,0.76923,0.86416,0.58425,0.81647,0.66753,1.12581,0.000383,0.000383,0.000383
100,28802.6,0.55098,0.55881,0.8867,0.89417,0.76923,0.86783,0.56235,0.85489,0.69692,1.1208,0.0003665,0.0003665,0.0003665
101,28964.9,0.6614,0.5877,1.05084,0.88796,0.76923,0.84669,0.55321,0.8223,0.70654,1.08482,0.00035,0.00035,0.00035
102,29127,0.66272,0.58864,1.02478,0.90101,0.76923,0.83174,0.55502,0.82025,0.73241,1.107,0.0003335,0.0003335,0.0003335
103,29288.2,0.57235,0.60381,0.95007,1,0.75903,0.83326,0.55496,0.86021,0.70002,1.13512,0.000317,0.000317,0.000317
104,29453.5,0.68562,0.60587,1.04429,0.99095,0.69231,0.81983,0.53916,0.85084,0.72445,1.12882,0.0003005,0.0003005,0.0003005
105,29613,0.58505,0.61996,1.00888,0.99131,0.69231,0.81376,0.54762,0.87924,0.75177,1.15233,0.000284,0.000284,0.000284
106,29771.4,0.66315,0.52532,1.02426,0.99129,0.69231,0.81293,0.53995,0.87982,0.7234,1.15369,0.0002675,0.0002675,0.0002675
107,29926.5,0.75528,0.63547,1.02981,0.99107,0.69231,0.81951,0.55017,0.90934,0.68992,1.17952,0.000251,0.000251,0.000251
108,30085.4,0.59493,0.58296,0.98378,0.98854,0.69231,0.8371,0.58354,0.8974,0.67517,1.17101,0.0002345,0.0002345,0.0002345
109,30250.2,0.57584,0.5281,1.03217,0.98801,0.69231,0.84929,0.59745,0.89027,0.6494,1.16397,0.000218,0.000218,0.000218
110,30421.8,0.61616,0.59385,0.91334,0.90853,0.7645,0.85705,0.62143,0.88815,0.58656,1.16455,0.0002015,0.0002015,0.0002015
111,30604.8,0.64243,0.56046,1.04675,0.9127,0.84615,0.8965,0.63925,0.86692,0.52883,1.13505,0.000185,0.000185,0.000185
112,30757.7,0.48379,0.51548,0.93246,0.92301,0.92231,0.90731,0.66263,0.84753,0.50542,1.12867,0.0001685,0.0001685,0.0001685
113,30914.8,0.52032,0.45621,0.97493,0.89325,0.92308,0.90731,0.65917,0.79438,0.47701,1.11712,0.000152,0.000152,0.000152
114,31069.8,0.45125,0.44196,0.95049,0.91705,0.92308,0.90731,0.64659,0.74838,0.48016,1.09036,0.0001355,0.0001355,0.0001355
115,31220,0.4841,0.43472,0.97351,0.91304,0.92308,0.90731,0.66142,0.68567,0.5118,1.02457,0.000119,0.000119,0.000119
116,31369.7,0.51781,0.47752,1.02282,0.91055,0.92308,0.90731,0.64515,0.68096,0.53639,1.02013,0.0001025,0.0001025,0.0001025
117,31527.2,0.49779,0.47106,0.96685,0.90841,0.92308,0.90731,0.63698,0.68449,0.53849,1.0194,8.6e-05,8.6e-05,8.6e-05
118,31683.9,0.48687,0.4821,0.94094,0.90728,0.92308,0.90731,0.62928,0.69318,0.52548,1.01941,6.95e-05,6.95e-05,6.95e-05
119,31833.7,0.50551,0.4461,0.95894,0.92055,0.89279,0.90731,0.62219,0.70023,0.52608,1.01931,5.3e-05,5.3e-05,5.3e-05
120,31986.3,0.53756,0.48378,1.01787,0.91921,0.87667,0.90731,0.6218,0.70482,0.52662,1.01992,3.65e-05,3.65e-05,3.65e-05
